{"biology": {"corr": 323.0, "wrong": 343.0, "acc": 0.484984984984985}, "total": {"corr": 323.0, "wrong": 343.0, "acc": 0.484984984984985}}