{"business": {"corr": 581.0, "wrong": 208.0, "acc": 0.7363751584283904}, "total": {"corr": 581.0, "wrong": 208.0, "acc": 0.7363751584283904}}