{"law": {"corr": 461.0, "wrong": 641.0, "acc": 0.41833030852994557}, "total": {"corr": 461.0, "wrong": 641.0, "acc": 0.41833030852994557}}