{"psychology": {"corr": 588.0, "wrong": 207.0, "acc": 0.7396226415094339}, "total": {"corr": 588.0, "wrong": 207.0, "acc": 0.7396226415094339}}