{"law": {"corr": 118.0, "wrong": 76.0, "acc": 0.6082474226804123}, "total": {"corr": 118.0, "wrong": 76.0, "acc": 0.6082474226804123}}