{"law": {"corr": 69.0, "wrong": 43.0, "acc": 0.6160714285714286}, "total": {"corr": 69.0, "wrong": 43.0, "acc": 0.6160714285714286}}