{"math": {"corr": 243.0, "wrong": 34.0, "acc": 0.8772563176895307}, "total": {"corr": 243.0, "wrong": 34.0, "acc": 0.8772563176895307}}