{"psychology": {"corr": 116.0, "wrong": 32.0, "acc": 0.7837837837837838}, "total": {"corr": 116.0, "wrong": 32.0, "acc": 0.7837837837837838}}