{"law": {"corr": 66.0, "wrong": 47.0, "acc": 0.584070796460177}, "total": {"corr": 66.0, "wrong": 47.0, "acc": 0.584070796460177}}