{"math": {"corr": 102.0, "wrong": 9.0, "acc": 0.918918918918919}, "total": {"corr": 102.0, "wrong": 9.0, "acc": 0.918918918918919}}