{"psychology": {"corr": 100.0, "wrong": 27.0, "acc": 0.7874015748031497}, "total": {"corr": 100.0, "wrong": 27.0, "acc": 0.7874015748031497}}