{"law": {"corr": 142.0, "wrong": 130.0, "acc": 0.5220588235294118}, "total": {"corr": 142.0, "wrong": 130.0, "acc": 0.5220588235294118}}