{"math": {"corr": 177.0, "wrong": 33.0, "acc": 0.8428571428571429}, "total": {"corr": 177.0, "wrong": 33.0, "acc": 0.8428571428571429}}