{"psychology": {"corr": 146.0, "wrong": 52.0, "acc": 0.7373737373737373}, "total": {"corr": 146.0, "wrong": 52.0, "acc": 0.7373737373737373}}